time,psi_deg,target_psi_deg,angle_error_deg,omega_rad_s,u_cmd,roll_deg,pitch_deg,moment_nm,horizon,q_angle,q_terminal,q_omega,r_u,r_du,solver_success
0.0,0.04025224180227287,90.0,89.95974775819774,0.007025341507585578,0.06,2.0,2.0,-1484.0674900793394,36,8.197875665343911,128.90440494047604,0.8791502661375648,0.030742033745039667,3.296813498015868,True
0.1,0.12147914737598486,90.0,89.878520852624,0.014176769434678075,0.12,2.039999333336667,1.999951000200083,-1515.3358234550496,36,8.202044776460673,129.09201494073028,0.8808179105842694,0.030757667911727522,3.30306716469101,True
