lever,zero_tilt_abs_yaw_static,roll_coef_reference,pitch_coef_reference,segment_r2
0.0,0.0,,,
0.5,0.0,,,
0.6000000238418579,0.10437733652647449,0.010948442261765607,0.0003067823426638567,0.9195549549215699
0.699999988079071,0.1642608428858398,0.005142855524648176,0.00065569083755045,0.45159040872504186
0.800000011920929,0.29068125711469234,0.00735033069401515,0.00043099319598207753,0.2970695144251887
0.8999999761581421,0.4112455952817325,-0.0022777465113825277,-0.0017131591997901026,0.016028416436711268
1.0,0.46250030715446727,0.011744017605368372,-0.0010611577757325082,0.2291162900122219
